City_ID,City,Country,Date,Lat,Lng,Max Temp,Humidity,Cloudiness,Wind Speed
0,Faanui,PF,2020-07-12 23:30:41,-16.48,-151.75,79.02,75,100,14.72
1,Talnakh,RU,2020-07-12 23:30:42,69.49,88.4,51.8,93,96,2.24
2,Leningradskiy,RU,2020-07-12 23:30:42,69.38,178.42,43.32,70,57,11.74
3,Hualmay,PE,2020-07-12 23:26:13,-11.1,-77.61,62.46,78,7,6.85
4,Suzun,RU,2020-07-12 23:30:42,53.78,82.31,62.55,96,100,7.85
5,Tasiilaq,GL,2020-07-12 23:30:42,65.61,-37.64,39.2,86,0,8.05
6,Eskilstuna,SE,2020-07-12 23:30:42,59.37,16.51,52.0,93,29,3.36
7,Mataura,NZ,2020-07-12 23:30:42,-46.19,168.86,42.94,86,86,3.98
8,Saldanha,ZA,2020-07-12 23:30:43,-33.01,17.94,59.0,82,65,28.86
9,Ixtapa,MX,2020-07-12 23:30:43,20.7,-105.2,84.2,83,90,3.36
10,Krasnyy Chikoy,RU,2020-07-12 23:30:43,50.36,108.75,63.46,84,54,1.36
11,Cape Town,ZA,2020-07-12 23:27:25,-33.93,18.42,57.2,82,90,33.33
12,San Patricio,MX,2020-07-12 23:30:43,19.22,-104.7,87.8,74,40,13.87
13,Tuktoyaktuk,CA,2020-07-12 23:30:43,69.45,-133.04,57.2,67,75,8.05
14,Mecca,SA,2020-07-12 23:28:17,21.43,39.83,79.45,38,61,2.46
15,Yellowknife,CA,2020-07-12 23:27:37,62.46,-114.35,70.0,52,75,4.7
16,New Norfolk,AU,2020-07-12 23:30:43,-42.78,147.06,42.01,92,0,1.68
17,Yerbogachen,RU,2020-07-12 23:30:43,61.28,108.01,66.24,66,0,3.91
18,Norman Wells,CA,2020-07-12 23:28:03,65.28,-126.83,66.2,63,75,4.7
19,Ushuaia,AR,2020-07-12 23:27:42,-54.8,-68.3,35.6,80,40,16.11
20,Hilo,US,2020-07-12 23:29:23,19.73,-155.09,82.4,65,20,8.05
21,Russell,US,2020-07-12 23:30:44,32.35,-85.2,73.4,94,75,4.7
22,Qaanaaq,GL,2020-07-12 23:30:44,77.48,-69.36,45.91,63,82,3.13
23,Mugur-Aksy,RU,2020-07-12 23:30:44,50.35,90.5,50.99,82,100,1.39
24,Kiunga,PG,2020-07-12 23:30:44,-6.12,141.29,74.07,98,99,1.28
25,Nan,TH,2020-07-12 23:30:45,18.83,100.67,75.2,94,75,9.17
26,Lebu,CL,2020-07-12 23:30:45,-37.62,-73.65,48.36,90,100,8.9
27,Miramar,US,2020-07-12 23:30:45,25.99,-80.23,84.0,69,1,5.82
28,Luganville,VU,2020-07-12 23:30:45,-15.53,167.17,80.6,74,75,9.17
29,Bambous Virieux,MU,2020-07-12 23:30:45,-20.34,57.76,71.6,83,75,13.87
30,Sulechow,PL,2020-07-12 23:30:45,52.08,15.63,54.0,40,1,3.36
31,Barrow,US,2020-07-12 23:30:45,71.29,-156.79,39.2,80,90,8.05
32,Tateyama,JP,2020-07-12 23:30:45,34.98,139.87,72.0,83,75,5.82
33,Poum,NC,2020-07-12 23:30:45,-20.23,164.02,73.81,75,0,8.9
34,Vilhena,BR,2020-07-12 23:30:46,-12.74,-60.15,72.63,59,11,1.74
35,Hermanus,ZA,2020-07-12 23:30:46,-34.42,19.23,57.99,71,44,13.0
36,Aswan,EG,2020-07-12 23:30:46,24.09,32.91,82.85,23,23,9.57
37,Cayenne,GF,2020-07-12 23:30:46,4.93,-52.33,78.8,94,31,2.24
38,Bonfim,BR,2020-07-12 23:30:46,3.08,-59.95,77.43,85,92,5.23
39,Thompson,CA,2020-07-12 23:28:35,55.74,-97.86,73.4,56,75,6.93
40,Kavieng,PG,2020-07-12 23:30:46,-2.57,150.8,83.73,69,99,4.65
41,Albany,US,2020-07-12 23:30:01,42.6,-73.97,84.0,56,10,3.0
42,Portree,GB,2020-07-12 23:30:46,57.41,-6.19,55.0,93,100,8.01
43,Avarua,CK,2020-07-12 23:30:46,-21.21,-159.78,71.6,83,98,10.29
44,Nikolskoye,RU,2020-07-12 23:30:47,59.7,30.79,52.0,87,59,2.24
45,Port Hedland,AU,2020-07-12 23:30:47,-20.32,118.57,59.0,22,15,9.17
46,Butaritari,KI,2020-07-12 23:30:47,3.07,172.79,83.71,75,64,11.88
47,Pochutla,MX,2020-07-12 23:30:47,15.74,-96.47,87.8,62,75,9.17
48,Flin Flon,CA,2020-07-12 23:30:47,54.77,-101.86,75.2,60,90,13.87
49,Neuquen,AR,2020-07-12 23:30:47,-38.95,-68.06,44.6,65,100,10.0
50,Mehamn,NO,2020-07-12 23:30:48,71.04,27.85,47.48,83,0,5.06
51,Saryozek,KZ,2020-07-12 23:30:48,44.36,77.98,56.71,55,0,3.74
52,Hofn,IS,2020-07-12 23:30:48,64.25,-15.21,50.95,87,100,8.08
53,Alice Springs,AU,2020-07-12 23:28:12,-23.7,133.88,52.0,68,0,2.24
54,Newton,US,2020-07-12 23:26:35,42.34,-71.21,88.0,58,58,13.87
55,Palmer,US,2020-07-12 23:30:48,42.16,-72.33,86.0,45,40,10.29
56,Rikitea,PF,2020-07-12 23:30:48,-23.12,-134.97,71.22,72,3,15.03
57,Guerrero Negro,MX,2020-07-12 23:30:48,27.98,-114.06,81.34,42,0,19.66
58,Hithadhoo,MV,2020-07-12 23:30:48,-0.6,73.08,84.83,72,71,9.19
59,Krizevci,HR,2020-07-12 23:30:49,46.02,16.54,55.0,87,0,4.7
60,Jamestown,US,2020-07-12 23:26:33,42.1,-79.24,73.0,68,40,11.41
61,Adrar,MR,2020-07-12 23:30:49,20.5,-10.07,94.37,30,42,6.29
62,Chuy,UY,2020-07-12 23:30:49,-33.7,-53.46,44.87,66,40,9.93
63,Punta Arenas,CL,2020-07-12 23:27:05,-53.15,-70.92,33.8,84,66,13.87
64,Carutapera,BR,2020-07-12 23:30:49,-1.2,-46.02,76.03,91,53,6.17
65,Saint-Joseph,RE,2020-07-12 23:30:49,-21.37,55.62,66.2,72,24,3.36
66,Hobart,AU,2020-07-12 23:30:34,-42.88,147.33,42.01,86,75,4.7
67,Busselton,AU,2020-07-12 23:30:49,-33.65,115.33,55.99,72,44,13.0
68,Vestmanna,FO,2020-07-12 23:30:49,62.16,-7.17,50.0,93,100,14.99
69,San Cristobal,VE,2020-07-12 23:30:36,7.77,-72.22,78.8,78,40,2.24
70,Preobrazheniye,RU,2020-07-12 23:30:50,42.9,133.91,64.11,79,60,4.72
71,Bethel,US,2020-07-12 23:30:50,41.37,-73.41,82.4,51,1,5.82
72,Camana,PE,2020-07-12 23:30:50,-16.62,-72.71,59.2,76,5,6.2
73,Vaini,TO,2020-07-12 23:30:50,-21.2,-175.2,73.4,73,75,17.22
74,Lagoa,PT,2020-07-12 23:30:50,39.05,-27.98,68.61,80,0,14.5
75,Machachi,EC,2020-07-12 23:30:50,-0.5,-78.57,60.8,77,40,11.41
76,Ribeira Grande,PT,2020-07-12 23:30:50,38.52,-28.7,68.7,83,2,15.68
77,Saint-Philippe,RE,2020-07-12 23:30:50,-21.36,55.77,66.2,72,40,3.36
78,Launceston,AU,2020-07-12 23:30:51,-41.45,147.17,45.0,93,0,8.05
79,Dingle,PH,2020-07-12 23:30:51,11.0,122.67,81.7,81,92,2.51
80,Moctezuma,MX,2020-07-12 23:30:51,29.8,-109.67,106.95,15,0,11.18
81,Kapaa,US,2020-07-12 23:30:11,22.08,-159.32,82.4,69,40,14.99
82,Khatanga,RU,2020-07-12 23:30:51,71.97,102.5,59.58,66,74,18.61
83,Nova Olinda Do Norte,BR,2020-07-12 23:30:51,-3.89,-59.09,79.63,74,73,0.49
84,Vardo,NO,2020-07-12 23:30:51,70.37,31.11,46.65,90,59,3.33
85,Shiloh,US,2020-07-12 23:30:51,38.56,-89.9,87.8,55,1,6.93
86,Flinders,AU,2020-07-12 23:30:51,-34.58,150.86,54.0,92,49,5.99
87,Port Elizabeth,ZA,2020-07-12 23:30:51,-33.92,25.57,59.0,38,0,13.87
88,Upernavik,GL,2020-07-12 23:30:51,72.79,-56.15,41.79,87,94,9.75
89,Souillac,MU,2020-07-12 23:30:52,-20.52,57.52,71.6,83,75,13.87
90,Wanning,CN,2020-07-12 23:30:52,18.8,110.4,83.93,81,8,10.65
91,Ponta Do Sol,PT,2020-07-12 23:28:40,32.67,-17.1,69.01,75,0,3.22
92,Naze,JP,2020-07-12 23:30:52,28.37,129.48,86.0,89,75,8.05
93,Airai,TL,2020-07-12 23:30:52,-8.93,125.41,63.61,78,95,5.77
94,Mar Del Plata,AR,2020-07-12 23:29:34,-38.0,-57.56,43.0,56,1,12.75
95,Shimoda,JP,2020-07-12 23:30:52,34.67,138.95,69.8,83,75,5.82
96,Kenai,US,2020-07-12 23:30:52,60.55,-151.26,57.99,82,90,10.29
97,Sao Filipe,CV,2020-07-12 23:30:52,14.9,-24.5,74.28,82,73,3.47
98,Puerto Ayora,EC,2020-07-12 23:30:53,-0.74,-90.35,69.01,88,81,1.99
99,Shibetsu,JP,2020-07-12 23:30:53,43.66,145.13,58.95,85,91,4.38
100,Hambantota,LK,2020-07-12 23:30:53,6.12,81.12,80.56,81,97,15.61
101,Chokurdakh,RU,2020-07-12 23:30:53,70.63,147.92,70.3,45,61,9.66
102,Rundu,NA,2020-07-12 23:30:53,-17.93,19.77,46.4,39,0,1.12
103,Malabo,GQ,2020-07-12 23:30:53,3.75,8.78,76.55,84,60,9.73
104,Moses Lake,US,2020-07-12 23:30:53,47.13,-119.28,82.4,23,1,18.34
105,Cabo San Lucas,MX,2020-07-12 23:30:54,22.89,-109.91,98.6,27,75,17.22
106,Karratha,AU,2020-07-12 23:30:54,-20.74,116.85,62.73,29,31,18.34
107,Namatanai,PG,2020-07-12 23:30:54,-3.67,152.43,77.76,84,100,4.83
108,Lyudinovo,RU,2020-07-12 23:30:54,53.87,34.45,57.85,97,96,6.98
109,Ojinaga,MX,2020-07-12 23:30:54,29.57,-104.42,105.8,7,1,8.05
110,Castro,BR,2020-07-12 23:30:54,-24.79,-50.01,58.78,84,4,5.41
111,Gariaband,IN,2020-07-12 23:30:54,20.64,82.06,75.04,89,100,4.34
112,Yekaterinoslavka,RU,2020-07-12 23:30:54,50.37,129.11,77.04,74,8,3.98
113,Namibe,AO,2020-07-12 23:30:54,-15.2,12.15,62.65,75,0,7.94
114,Camacupa,AO,2020-07-12 23:30:54,-12.02,17.48,52.97,44,0,4.79
115,Port Alfred,ZA,2020-07-12 23:30:55,-33.59,26.89,58.23,36,0,10.2
116,Jardinopolis,BR,2020-07-12 23:30:55,-21.02,-47.76,73.4,49,83,1.12
117,Tautira,PF,2020-07-12 23:30:55,-17.73,-149.15,80.6,69,75,19.46
118,Narsaq,GL,2020-07-12 23:30:55,60.92,-46.05,53.6,62,100,1.12
119,Carnarvon,AU,2020-07-12 23:30:55,-24.87,113.63,55.4,100,14,5.82
120,Bluff,NZ,2020-07-12 23:30:55,-46.6,168.33,47.05,68,91,10.38
121,Haines Junction,CA,2020-07-12 23:30:55,60.75,-137.51,63.32,41,78,11.32
122,Nagod,IN,2020-07-12 23:30:55,24.57,80.6,81.77,73,31,10.13
123,Guozhen,CN,2020-07-12 23:30:56,34.37,107.36,72.45,69,40,1.21
124,Atuona,PF,2020-07-12 23:30:56,-9.8,-139.03,79.83,76,2,20.22
125,Straumen,NO,2020-07-12 23:30:56,63.87,11.3,53.01,81,100,13.87
126,Nantucket,US,2020-07-12 23:30:56,41.28,-70.1,73.99,78,1,14.99
127,Pevek,RU,2020-07-12 23:26:12,69.7,170.31,48.72,71,73,4.85
128,Fortuna,US,2020-07-12 23:30:56,40.6,-124.16,71.6,56,20,18.34
129,Bengkulu,ID,2020-07-12 23:30:56,-3.8,102.27,74.55,88,71,3.04
130,Whitianga,NZ,2020-07-12 23:30:56,-36.83,175.7,62.01,88,94,1.99
131,Bakau,GM,2020-07-12 23:30:56,13.48,-16.68,77.0,100,75,4.7
132,Half Moon Bay,US,2020-07-12 23:26:06,37.46,-122.43,86.0,67,1,16.11
133,Iqaluit,CA,2020-07-12 23:30:56,63.75,-68.51,59.0,62,75,11.41
134,Berlin,DE,2020-07-12 23:30:57,52.52,13.41,63.0,82,20,1.12
135,Tahe,CN,2020-07-12 23:30:57,52.33,124.73,85.21,42,90,0.13
136,Marawi,PH,2020-07-12 23:30:57,8.0,124.29,77.0,84,100,4.0
137,Big Bend,SZ,2020-07-12 23:30:57,-26.82,31.93,42.8,93,0,1.12
138,Chancay,PE,2020-07-12 23:30:57,-11.57,-77.27,60.8,82,75,4.7
139,Martil,MA,2020-07-12 23:30:57,35.62,-5.28,75.2,88,75,9.17
140,Azare,NG,2020-07-12 23:30:57,11.68,10.19,75.16,83,72,9.24
141,La Ronge,CA,2020-07-12 23:30:57,55.1,-105.28,66.2,88,90,6.93
142,Karasburg,NA,2020-07-12 23:30:57,-28.02,18.75,48.69,49,8,12.59
143,Port-Gentil,GA,2020-07-12 23:30:57,-0.72,8.78,77.0,88,90,12.86
144,Shieli,KZ,2020-07-12 23:30:58,44.17,66.75,76.14,19,0,13.94
145,Arraial Do Cabo,BR,2020-07-12 23:30:58,-22.97,-42.03,72.99,78,69,15.68
146,Georgetown,MY,2020-07-12 23:29:45,5.41,100.34,80.6,94,20,4.7
147,Yangjiang,CN,2020-07-12 23:30:58,21.85,111.97,83.57,80,36,1.68
148,Amazar,RU,2020-07-12 23:30:58,53.86,120.88,82.78,44,25,1.79
149,Weston,US,2020-07-12 23:30:58,26.1,-80.4,84.0,81,90,1.01
150,Dikson,RU,2020-07-12 23:30:58,73.51,80.55,41.49,97,98,4.99
151,Rio Gallegos,AR,2020-07-12 23:30:58,-51.62,-69.22,33.8,80,40,19.46
152,Dosso,NE,2020-07-12 23:30:58,13.05,3.19,80.38,70,82,20.96
153,Saskylakh,RU,2020-07-12 23:30:58,71.92,114.08,63.0,60,93,17.63
154,Butajira,ET,2020-07-12 23:30:58,8.12,38.37,57.27,83,86,4.27
155,San Vicente,AR,2020-07-12 23:30:59,-26.62,-54.13,59.23,100,5,1.99
156,Bathsheba,BB,2020-07-12 23:30:59,13.22,-59.52,82.4,78,40,17.22
157,Lompoc,US,2020-07-12 23:30:36,34.64,-120.46,75.0,60,0,16.11
158,Cap Malheureux,MU,2020-07-12 23:30:59,-19.98,57.61,71.01,76,3,8.99
159,Bowen,AU,2020-07-12 23:30:59,-20.02,148.23,69.8,49,90,11.41
160,Victoria,HK,2020-07-12 23:27:10,22.29,114.16,87.01,74,12,3.69
161,Vila,PT,2020-07-12 23:30:49,42.03,-8.16,77.0,60,0,5.82
162,Pisco,PE,2020-07-12 23:30:59,-13.7,-76.22,62.01,87,20,5.82
163,Kralendijk,BQ,2020-07-12 23:30:11,12.15,-68.27,82.4,83,20,16.11
164,Clyde River,CA,2020-07-12 23:30:59,70.47,-68.59,42.8,87,20,5.82
165,Bhikhi,IN,2020-07-12 23:31:00,30.07,75.53,86.09,61,0,5.21
166,Hasaki,JP,2020-07-12 23:31:00,35.73,140.83,68.0,93,75,8.05
167,Kollam,IN,2020-07-12 23:31:00,8.88,76.6,80.6,88,75,3.36
168,Chilca,PE,2020-07-12 23:31:00,-12.52,-76.74,60.8,82,75,4.7
169,Krasnoselkup,RU,2020-07-12 23:31:00,65.7,82.47,58.23,65,65,8.5
170,Ajdabiya,LY,2020-07-12 23:31:00,30.76,20.23,70.09,89,0,8.14
171,Te Anau,NZ,2020-07-12 23:31:00,-45.42,167.72,40.75,76,4,0.54
172,Sohag,EG,2020-07-12 23:31:00,26.56,31.69,87.8,23,0,11.41
173,Ilulissat,GL,2020-07-12 23:31:00,69.22,-51.1,48.2,70,23,3.36
174,Cockburn Town,TC,2020-07-12 23:31:00,21.46,-71.14,84.2,70,40,11.41
175,Kyren,RU,2020-07-12 23:31:01,51.68,102.14,65.61,66,2,0.4
176,Raudeberg,NO,2020-07-12 23:31:01,61.99,5.14,53.6,76,90,5.82
177,Aloleng,PH,2020-07-12 23:31:01,16.13,119.78,81.9,82,100,1.88
178,Samfya,ZM,2020-07-12 23:31:01,-11.36,29.56,65.28,53,13,11.56
179,Mbaiki,CF,2020-07-12 23:31:01,3.87,17.99,69.6,96,53,1.77
180,Asau,RO,2020-07-12 23:31:01,46.43,26.4,53.01,89,100,4.45
181,Kiama,AU,2020-07-12 23:31:01,-34.68,150.87,54.0,87,61,3.0
182,Gold Coast,AU,2020-07-12 23:26:28,-28.0,153.43,61.0,88,95,4.21
183,Beringovskiy,RU,2020-07-12 23:31:02,63.05,179.32,51.03,81,99,9.84
184,Praia Grande,BR,2020-07-12 23:31:02,-24.01,-46.4,82.0,48,0,3.0
185,Valera,VE,2020-07-12 23:31:02,9.32,-70.6,74.08,75,89,2.75
186,Kieta,PG,2020-07-12 23:31:02,-6.22,155.63,79.81,84,100,11.65
187,Maldonado,UY,2020-07-12 23:31:02,-34.67,-54.92,48.0,65,47,13.87
188,Zhigansk,RU,2020-07-12 23:31:02,66.77,123.37,69.91,51,67,3.27
189,Malartic,CA,2020-07-12 23:31:02,48.13,-78.13,62.6,88,90,6.93
190,Tiznit,MA,2020-07-12 23:31:02,29.58,-9.5,83.86,33,59,4.68
191,Bambanglipuro,ID,2020-07-12 23:31:02,-7.95,110.28,74.17,84,88,2.51
192,Salinas,US,2020-07-12 23:31:02,36.68,-121.66,77.0,53,1,14.99
193,Kargopol,RU,2020-07-12 23:31:03,61.51,38.95,51.76,80,94,1.07
194,San Isidro,PE,2020-07-12 23:31:03,-12.12,-77.05,60.8,82,75,4.7
195,Avera,US,2020-07-12 23:31:03,33.19,-82.53,89.6,49,1,3.36
196,Muhos,FI,2020-07-12 23:31:03,64.81,25.99,55.4,93,100,4.7
197,Kloulklubed,PW,2020-07-12 23:31:03,7.04,134.26,77.0,94,75,3.36
198,Cidreira,BR,2020-07-12 23:31:03,-30.18,-50.21,56.17,87,93,6.02
199,Vostok,RU,2020-07-12 23:31:03,46.49,135.88,65.14,87,86,1.01
200,Doba,TD,2020-07-12 23:31:03,8.65,16.85,75.13,86,98,1.07
201,Sawakin,SD,2020-07-12 23:31:03,19.11,37.33,86.23,44,22,9.51
202,Oyama,JP,2020-07-12 23:31:04,36.3,139.8,72.0,82,75,6.93
203,Santa Rosa,PH,2020-07-12 23:31:04,14.31,121.11,81.0,86,100,1.01
204,Sun Valley,US,2020-07-12 23:31:04,39.6,-119.78,96.8,9,1,13.87
205,Tual,ID,2020-07-12 23:31:04,-5.67,132.75,79.07,81,44,22.41
206,Ballangen,NO,2020-07-12 23:31:04,68.34,16.83,51.01,87,91,11.41
207,Zalantun,CN,2020-07-12 23:31:04,48.0,122.72,79.61,43,83,1.34
208,Sitka,US,2020-07-12 23:31:04,57.05,-135.33,59.0,72,75,6.93
209,Rio Grande,BR,2020-07-12 23:31:04,-32.03,-52.1,45.0,97,74,12.55
210,Upata,VE,2020-07-12 23:31:04,8.01,-62.4,87.01,64,31,3.0
211,Puerto Ayacucho,VE,2020-07-12 23:31:04,5.66,-67.62,84.2,62,40,5.82
212,Grindavik,IS,2020-07-12 23:31:05,63.84,-22.43,50.0,93,90,5.82
213,Waingapu,ID,2020-07-12 23:31:05,-9.66,120.26,78.75,77,94,13.06
214,Nuuk,GL,2020-07-12 23:31:05,64.18,-51.72,51.01,66,16,5.01
215,Nelson,NZ,2020-07-12 23:30:27,-41.28,173.28,54.0,86,99,3.0
216,Geraldton,AU,2020-07-12 23:31:05,-28.77,114.6,51.8,62,40,14.99
217,Comodoro Rivadavia,AR,2020-07-12 23:31:05,-45.87,-67.5,41.0,56,4,9.17
218,Meulaboh,ID,2020-07-12 23:31:05,4.14,96.13,76.42,78,100,2.08
219,Yermish,RU,2020-07-12 23:31:05,54.77,42.27,60.44,90,0,4.94
220,Gaoyou,CN,2020-07-12 23:31:05,32.79,119.43,73.0,96,100,10.04
221,Hami,CN,2020-07-12 23:31:06,42.8,93.45,76.91,34,53,11.92
222,Kaitangata,NZ,2020-07-12 23:31:06,-46.28,169.85,46.0,68,3,5.99
223,Polyarnyy,RU,2020-07-12 23:31:06,69.2,33.45,46.4,93,90,2.24
224,Fort Myers Beach,US,2020-07-12 23:31:06,26.45,-81.95,84.99,74,1,9.17
225,Kangaatsiaq,GL,2020-07-12 23:31:06,68.31,-53.46,41.92,86,0,12.57
226,Severo-Kurilsk,RU,2020-07-12 23:31:06,50.68,156.12,49.98,91,100,6.76
227,Maniitsoq,GL,2020-07-12 23:31:06,65.42,-52.9,46.04,78,100,15.3
228,Zabid,YE,2020-07-12 23:31:06,14.2,43.32,88.9,50,75,6.38
229,Xichang,CN,2020-07-12 23:31:06,27.9,102.26,68.31,77,100,2.24
230,Palitana,IN,2020-07-12 23:31:07,21.52,71.83,81.93,79,83,8.81
231,Parrsboro,CA,2020-07-12 23:31:07,45.4,-64.33,70.0,81,25,5.99
232,Margate,GB,2020-07-12 23:31:07,51.38,1.39,62.01,74,55,3.06
233,Taoudenni,ML,2020-07-12 23:31:07,22.68,-3.98,94.82,33,42,6.33
234,Kisangani,CD,2020-07-12 23:31:07,0.52,25.2,72.68,92,99,1.9
235,Namangan,UZ,2020-07-12 23:31:07,41.0,71.67,73.4,53,67,4.7
236,Kahului,US,2020-07-12 23:30:45,20.89,-156.47,89.6,46,40,29.97
237,Praia Da Vitoria,PT,2020-07-12 23:28:00,38.73,-27.07,71.6,73,20,9.35
238,Ocosingo,MX,2020-07-12 23:31:07,17.07,-92.25,70.92,94,51,1.25
239,Ugoofaaru,MV,2020-07-12 23:31:08,5.67,73.0,83.03,70,22,3.29
240,Bizhbulyak,RU,2020-07-12 23:31:08,53.7,54.26,64.26,88,40,7.52
241,Arlit,NE,2020-07-12 23:31:08,18.74,7.39,93.6,15,0,12.21
242,Constitucion,CL,2020-07-12 23:31:08,-35.33,-72.42,52.86,84,100,6.26
243,Matara,LK,2020-07-12 23:31:08,5.95,80.54,78.8,88,94,8.14
244,Portland,US,2020-07-12 23:27:40,45.52,-122.68,77.0,47,40,5.82
245,Salur,IN,2020-07-12 23:31:08,18.53,83.22,81.37,78,100,1.72
246,Hendrina,ZA,2020-07-12 23:31:08,-26.16,29.72,37.99,67,0,1.99
247,Bosaso,SO,2020-07-12 23:31:08,11.28,49.18,92.39,39,41,23.33
248,Cathedral City,US,2020-07-12 23:28:49,33.78,-116.47,120.2,9,1,13.87
249,Batasan,PH,2020-07-12 23:31:09,12.77,120.78,82.92,76,100,3.36
250,Pakxan,LA,2020-07-12 23:31:09,18.38,103.66,76.48,90,89,2.77
251,Cherskiy,RU,2020-07-12 23:31:09,68.75,161.3,54.52,89,100,2.82
252,Provideniya,RU,2020-07-12 23:31:09,64.38,-173.3,48.2,81,40,15.66
253,Nouadhibou,MR,2020-07-12 23:31:09,20.93,-17.03,71.6,83,0,10.29
254,Padang,ID,2020-07-12 23:31:09,-0.95,100.35,77.23,80,67,4.7
255,Brokopondo,SR,2020-07-12 23:31:09,4.75,-55.17,78.62,84,100,8.55
256,Hanzhong,CN,2020-07-12 23:31:09,33.07,107.03,71.15,81,51,1.59
257,Bredasdorp,ZA,2020-07-12 23:31:09,-34.53,20.04,57.2,44,0,12.75
258,Lingyuan,CN,2020-07-12 23:31:09,41.24,119.4,69.94,73,100,2.06
259,Yulara,AU,2020-07-12 23:31:10,-25.24,130.99,41.0,61,0,8.05
260,Mackay,AU,2020-07-12 23:31:10,-21.15,149.2,68.0,45,90,9.17
261,Privolnaya,RU,2020-07-12 23:31:10,46.14,38.7,70.52,71,68,8.14
262,Ati,TD,2020-07-12 23:31:10,13.22,18.34,85.78,55,14,12.06
263,Chuguyevka,RU,2020-07-12 23:31:10,44.17,133.86,72.05,75,86,1.34
264,Mana,GF,2020-07-12 23:31:10,5.66,-53.78,78.04,87,42,9.26
265,Rajgarh,IN,2020-07-12 23:31:10,28.63,75.38,90.16,58,26,12.5
266,Kruisfontein,ZA,2020-07-12 23:26:16,-34.0,24.73,60.51,30,0,19.82
267,Chumikan,RU,2020-07-12 23:30:56,54.72,135.31,57.58,77,55,5.06
268,Sandwick,GB,2020-07-12 23:31:10,60.0,-1.25,53.6,81,99,10.29
269,Tessalit,ML,2020-07-12 23:31:11,20.2,1.01,91.63,28,29,8.7
270,Esperance,AU,2020-07-12 23:31:11,-33.87,121.9,46.4,65,2,19.46
271,Ciudad Bolivar,VE,2020-07-12 23:31:11,8.12,-63.55,80.11,77,46,8.43
272,Smiths Falls,CA,2020-07-12 23:29:46,44.9,-76.02,79.0,74,55,3.78
273,Cacu,BR,2020-07-12 23:31:11,-18.56,-51.13,73.45,48,100,2.93
274,Saint-Francois,FR,2020-07-12 23:31:11,46.42,3.91,55.99,71,37,2.24
275,Longyearbyen,SJ,2020-07-12 23:31:11,78.22,15.64,44.89,77,86,1.39
276,Izmir,TR,2020-07-12 23:31:11,38.46,27.09,78.8,44,0,18.34
277,Sao Felix Do Xingu,BR,2020-07-12 23:31:11,-6.64,-51.99,80.2,56,58,2.19
278,Cabedelo,BR,2020-07-12 23:31:12,-6.98,-34.83,73.4,88,20,4.7
279,Tuatapere,NZ,2020-07-12 23:31:12,-46.13,167.68,45.36,69,59,4.14
280,Turukhansk,RU,2020-07-12 23:31:12,65.82,87.98,60.44,75,67,7.29
281,Ossora,RU,2020-07-12 23:31:12,59.24,163.07,55.62,85,100,9.42
282,East London,ZA,2020-07-12 23:31:12,-33.02,27.91,58.8,43,0,15.03
283,Maputo,MZ,2020-07-12 23:30:23,-25.97,32.59,55.0,87,0,2.24
284,Kautokeino,NO,2020-07-12 23:31:12,69.01,23.04,46.11,84,89,4.36
285,Riyadh,SA,2020-07-12 23:30:16,24.69,46.72,93.2,17,22,4.7
286,Panguna,PG,2020-07-12 23:31:12,-6.32,155.48,72.46,97,100,3.98
287,Blackwater,AU,2020-07-12 23:31:12,-23.58,148.88,61.27,41,23,10.58
288,Ust-Ilimsk,RU,2020-07-12 23:31:13,58.0,102.66,65.86,55,0,2.57
289,Beyneu,KZ,2020-07-12 23:31:13,45.32,55.2,82.85,29,0,15.14
290,Porto Novo,BJ,2020-07-12 23:31:13,6.5,2.6,77.0,94,20,8.05
291,Dunedin,NZ,2020-07-12 23:26:35,-45.87,170.5,46.0,62,0,8.01
292,Acarau,BR,2020-07-12 23:31:13,-2.89,-40.12,77.97,78,60,14.72
293,Kota Belud,MY,2020-07-12 23:28:56,6.35,116.43,77.0,94,20,5.82
294,Ostrovnoy,RU,2020-07-12 23:31:13,68.05,39.51,47.71,91,100,7.61
295,Susanville,US,2020-07-12 23:27:14,40.42,-120.65,93.0,7,1,13.87
296,Kodiak,US,2020-07-12 23:31:13,57.79,-152.41,57.2,67,90,13.87
297,Manturovo,RU,2020-07-12 23:31:14,58.34,44.76,57.51,81,35,4.85
298,Vila Do Maio,CV,2020-07-12 23:31:14,15.13,-23.22,78.8,78,75,11.41
299,Yenagoa,NG,2020-07-12 23:31:14,4.92,6.26,73.87,94,96,3.96
300,Montrose,US,2020-07-12 23:31:14,38.42,-108.27,91.99,18,34,5.01
301,Kamenka,RU,2020-07-12 23:31:14,51.32,42.77,69.01,74,67,6.02
302,Coihaique,CL,2020-07-12 23:31:14,-45.58,-72.07,33.8,80,20,5.82
303,Port Maria,JM,2020-07-12 23:31:14,18.37,-76.89,84.99,74,22,5.01
304,Kavaratti,IN,2020-07-12 23:31:14,10.57,72.64,82.45,75,100,10.69
305,Mount Isa,AU,2020-07-12 23:31:14,-20.73,139.5,53.6,46,0,13.87
306,Acapulco,MX,2020-07-12 23:31:15,16.86,-99.89,87.8,70,75,2.24
307,Coahuayana,MX,2020-07-12 23:31:15,18.73,-103.68,77.0,88,75,17.22
308,Kungurtug,RU,2020-07-12 23:31:15,50.6,97.52,62.02,76,36,1.72
309,Samarai,PG,2020-07-12 23:31:15,-10.62,150.67,79.21,86,82,18.79
310,Aklavik,CA,2020-07-12 23:31:15,68.22,-135.01,57.2,71,90,8.05
311,Deputatskiy,RU,2020-07-12 23:31:15,69.3,139.9,68.97,46,32,6.35
312,Teguise,ES,2020-07-12 23:31:15,29.06,-13.56,71.6,78,20,14.99
313,Kirakira,SB,2020-07-12 23:31:15,-10.45,161.92,82.8,76,45,15.43
314,La Asuncion,VE,2020-07-12 23:31:15,11.03,-63.86,86.0,70,0,11.41
315,Areosa,PT,2020-07-12 23:31:16,41.72,-8.86,77.0,73,0,5.7
316,College,US,2020-07-12 23:31:16,64.86,-147.8,71.6,28,75,3.36
317,Yarmouth,US,2020-07-12 23:31:16,41.71,-70.23,80.6,61,1,18.34
318,Luderitz,NA,2020-07-12 23:31:16,-26.65,15.16,53.6,81,2,4.7
319,Vanimo,PG,2020-07-12 23:31:16,-2.67,141.3,81.99,79,100,0.85
320,North Bay,CA,2020-07-12 23:29:17,46.32,-79.47,73.0,68,90,9.17
321,Buaran,ID,2020-07-12 23:31:16,-7.05,109.55,76.23,80,74,3.89
322,Thunder Bay,CA,2020-07-12 23:31:16,48.4,-89.32,75.2,53,75,8.05
323,Sabzevar,IR,2020-07-12 23:31:17,36.21,57.68,76.69,24,38,4.65
324,Olafsvik,IS,2020-07-12 23:31:17,64.89,-23.71,50.79,83,58,4.18
325,Camocim,BR,2020-07-12 23:31:17,-2.9,-40.84,78.17,78,47,13.02
326,Winchester,GB,2020-07-12 23:31:17,51.07,-1.32,57.0,82,80,1.01
327,Verkhnevilyuysk,RU,2020-07-12 23:31:17,63.45,120.32,68.0,69,97,2.33
328,Hattiesburg,US,2020-07-12 23:31:17,31.33,-89.29,93.2,52,20,10.29
329,Santa Ana,US,2020-07-12 23:27:55,33.75,-117.87,96.01,42,20,10.29
330,Kerema,PG,2020-07-12 23:31:17,-7.96,145.78,82.36,75,45,4.18
331,Divnomorskoye,RU,2020-07-12 23:31:17,44.5,38.14,70.38,77,55,4.83
332,Muriwai Beach,NZ,2020-07-12 23:31:18,-36.82,174.45,62.01,81,86,1.99
333,Palu,ID,2020-07-12 23:31:18,-0.89,119.87,78.51,80,82,2.24
334,Shrirangapattana,IN,2020-07-12 23:31:18,12.41,76.7,70.41,88,89,7.09
335,Esterhazy,CA,2020-07-12 23:31:18,50.65,-102.08,75.34,74,67,9.82
336,Bayji,IQ,2020-07-12 23:31:18,34.93,43.49,86.92,17,0,8.52
337,Jacareacanga,BR,2020-07-12 23:31:18,-6.22,-57.75,79.11,69,90,1.32
338,Walvis Bay,NA,2020-07-12 23:31:18,-22.96,14.51,55.0,100,0,6.93
339,Abasolo,MX,2020-07-12 23:29:50,20.45,-101.52,84.2,32,75,4.7
340,Pangody,RU,2020-07-12 23:31:18,65.85,74.49,55.2,92,100,10.4
341,Caconda,AO,2020-07-12 23:31:18,-13.73,15.07,50.77,47,0,1.19
342,Krasnyy Kurgan,RU,2020-07-12 23:31:19,43.94,42.61,73.4,64,75,8.95
343,Mufumbwe,ZM,2020-07-12 23:31:19,-13.68,24.8,53.37,43,0,4.92
344,Rabo De Peixe,PT,2020-07-12 23:31:19,37.8,-25.58,68.0,72,75,4.7
345,Hovd,MN,2020-07-12 23:31:19,48.01,91.64,60.71,65,20,1.07
346,Thinadhoo,MV,2020-07-12 23:31:19,0.53,72.93,84.96,67,92,5.97
347,Conil,FR,2020-07-12 23:31:19,44.97,3.72,46.98,96,4,0.67
348,Kabare,CD,2020-07-12 23:31:19,-2.47,28.82,60.01,80,19,0.56
349,Aksu,CN,2020-07-12 23:31:19,41.12,80.26,71.29,39,6,3.18
350,Chanute,US,2020-07-12 23:31:19,37.68,-95.46,89.6,33,1,9.17
351,Omsukchan,RU,2020-07-12 23:31:20,62.53,155.8,69.42,39,7,4.61
352,Graaff-Reinet,ZA,2020-07-12 23:31:20,-32.25,24.53,51.76,39,0,17.16
353,Makakilo City,US,2020-07-12 23:31:20,21.35,-158.09,84.2,51,20,11.41
354,Rorvik,NO,2020-07-12 23:31:20,64.86,11.24,52.81,78,16,13.51
355,Kayes,ML,2020-07-12 23:31:20,14.0,-11.0,83.48,66,42,5.91
356,Gisborne,NZ,2020-07-12 23:29:26,-38.65,178.0,53.01,90,100,7.0
357,Klaksvik,FO,2020-07-12 23:31:20,62.23,-6.59,50.0,93,100,14.99
358,Maiduguri,NG,2020-07-12 23:31:20,11.85,13.16,78.24,75,10,8.48
359,Yecuatla,MX,2020-07-12 23:31:20,19.87,-96.75,82.02,69,6,5.57
360,Mani,CO,2020-07-12 23:31:20,4.82,-72.29,74.52,92,35,5.21
361,Muros,ES,2020-07-12 23:31:21,42.78,-9.06,70.0,60,0,7.0
362,Along,IN,2020-07-12 23:31:21,28.17,94.77,73.13,90,100,0.63
363,Zaterechnyy,RU,2020-07-12 23:31:21,44.79,45.21,78.17,41,100,5.35
364,Sakaiminato,JP,2020-07-12 23:31:21,35.55,133.23,66.2,93,75,10.29
365,Nome,US,2020-07-12 23:31:21,64.5,-165.41,66.99,72,1,10.29
366,Encruzilhada,BR,2020-07-12 23:31:21,-15.53,-40.91,61.65,94,41,4.27
367,Lorengau,PG,2020-07-12 23:31:21,-2.02,147.27,85.19,64,62,4.5
368,Katubao,PH,2020-07-12 23:31:21,5.89,124.83,82.65,63,100,3.62
369,Zhangjiakou,CN,2020-07-12 23:31:21,40.81,114.88,65.23,83,100,6.06
370,Tolaga Bay,NZ,2020-07-12 23:31:21,-38.37,178.3,55.49,86,100,9.37
371,Tiksi,RU,2020-07-12 23:31:21,71.69,128.87,64.15,52,74,8.46
372,Yarkovo,RU,2020-07-12 23:31:22,57.4,67.08,61.7,86,30,6.33
373,Mahebourg,MU,2020-07-12 23:31:22,-20.41,57.7,71.6,83,75,13.87
374,Niquero,CU,2020-07-12 23:31:22,20.04,-77.58,82.38,75,86,7.4
375,Ratnagiri,IN,2020-07-12 23:30:13,16.98,73.3,80.29,83,100,5.59
376,Benjamin Aceval,PY,2020-07-12 23:31:22,-24.97,-57.57,71.6,83,75,4.7
377,Malard,IR,2020-07-12 23:31:22,35.67,50.98,82.4,28,75,9.17
378,Bossangoa,CF,2020-07-12 23:31:22,6.49,17.46,70.54,96,93,4.0
379,Mizque,BO,2020-07-12 23:31:22,-17.94,-65.34,59.38,45,0,2.64
380,Lujiang,CN,2020-07-12 23:31:22,31.26,117.28,73.0,100,90,6.71
381,Hudson Bay,CA,2020-07-12 23:31:22,52.85,-102.38,67.84,82,100,7.78
382,Sorland,NO,2020-07-12 23:31:23,67.67,12.69,51.64,83,0,7.72
383,Opuwo,NA,2020-07-12 23:31:23,-18.06,13.84,50.61,53,0,3.74
384,Basna,IN,2020-07-12 23:31:23,21.28,82.82,78.01,82,98,6.29
385,Chifeng,CN,2020-07-12 23:31:23,42.27,118.96,74.59,52,98,4.34
386,Kitob,UZ,2020-07-12 23:31:23,39.08,66.83,74.55,33,64,4.07
387,Karak,JO,2020-07-12 23:31:23,31.17,35.75,71.6,49,0,11.41
388,Kearney,US,2020-07-12 23:27:34,40.7,-99.08,86.0,61,1,12.75
389,Erdenet,MN,2020-07-12 23:30:23,49.03,104.08,60.26,83,38,2.26
390,Kovrov,RU,2020-07-12 23:29:42,56.36,41.32,62.44,91,0,4.36
391,Marti,CU,2020-07-12 23:31:23,22.95,-80.92,86.0,66,75,4.7
392,Faya,SA,2020-07-12 23:31:24,18.39,42.45,73.4,53,20,9.17
393,Valdivia,CL,2020-07-12 23:31:24,-39.81,-73.25,41.0,100,100,2.24
394,Westport,US,2020-07-12 23:31:24,41.14,-73.36,86.0,54,1,10.29
395,Yeppoon,AU,2020-07-12 23:31:24,-23.13,150.73,64.4,59,59,8.05
396,Limoges,FR,2020-07-12 23:31:24,45.75,1.33,66.2,45,4,10.29
397,Mastic Beach,US,2020-07-12 23:31:24,40.77,-72.85,80.6,57,1,9.17
398,Raymond,US,2020-07-12 23:31:24,43.9,-70.47,80.01,72,13,4.79
399,Wencheng,CN,2020-07-12 23:31:24,33.06,113.8,70.0,89,81,4.41
400,Axim,GH,2020-07-12 23:31:25,4.87,-2.24,74.64,88,59,8.61
401,Halifax,CA,2020-07-12 23:26:38,44.65,-63.57,71.01,78,7,15.28
402,Jackson,US,2020-07-12 23:27:21,42.42,-122.83,86.0,28,1,9.17
403,Fairbanks,US,2020-07-12 23:31:25,64.84,-147.72,71.6,35,20,7.63
404,Kamaishi,JP,2020-07-12 23:31:25,39.27,141.88,62.6,100,75,2.24
405,Cay,TR,2020-07-12 23:31:25,38.59,31.03,62.13,66,0,3.74
406,Salalah,OM,2020-07-12 23:31:25,17.02,54.09,80.6,94,90,3.36
407,Laguna,US,2020-07-12 23:31:25,38.42,-121.42,105.01,11,1,6.93
408,Rincon,US,2020-07-12 23:31:25,32.3,-81.24,93.2,41,40,8.05
409,Opole,PL,2020-07-12 23:31:26,50.5,18.0,54.0,91,14,4.9
410,Nizhniy Kuranakh,RU,2020-07-12 23:31:26,58.84,125.49,85.64,44,28,1.92
411,Chapais,CA,2020-07-12 23:31:26,49.78,-74.85,62.6,88,90,6.93
412,Hazorasp,UZ,2020-07-12 23:31:26,41.32,61.07,75.2,50,0,6.93
413,Komsomolskiy,UZ,2020-07-12 23:31:26,40.43,71.72,73.4,53,97,4.7
414,Henties Bay,NA,2020-07-12 23:31:26,-22.12,14.28,55.0,93,0,9.91
415,Correntina,BR,2020-07-12 23:31:26,-13.34,-44.64,66.92,39,69,2.93
416,Ancud,CL,2020-07-12 23:31:26,-41.87,-73.82,39.0,93,75,2.24
417,Tevaitoa,PF,2020-07-12 23:31:26,-16.78,-151.5,79.47,76,100,15.14
418,Bogotol,RU,2020-07-12 23:31:26,56.21,89.53,59.58,82,0,4.94
419,Rocha,UY,2020-07-12 23:31:27,-34.48,-54.33,41.63,67,59,8.21
420,Tshikapa,CD,2020-07-12 23:31:27,-6.42,20.8,71.74,72,37,2.08
421,Deep River,CA,2020-07-12 23:28:14,46.1,-77.5,75.2,57,75,7.34
422,Caramay,PH,2020-07-12 23:31:27,10.18,119.24,83.01,75,86,2.19
423,Santa Cruz,BO,2020-07-12 23:27:26,-17.8,-63.17,75.2,83,40,13.87
424,Aromashevo,RU,2020-07-12 23:31:27,56.86,68.64,60.73,82,6,6.96
425,Mizusawa,JP,2020-07-12 23:31:27,39.13,141.13,62.6,100,75,2.24
426,Puerto Maldonado,PE,2020-07-12 23:31:27,-12.6,-69.18,78.31,69,79,1.01
427,Katsuura,JP,2020-07-12 23:31:27,35.13,140.3,72.0,79,100,3.0
428,Torbay,CA,2020-07-12 23:29:18,47.67,-52.73,57.99,87,90,18.34
429,Noyabrsk,RU,2020-07-12 23:31:27,63.2,75.45,56.28,89,99,12.44
430,Puerto Lempira,HN,2020-07-12 23:31:27,15.27,-83.77,87.8,74,40,8.05
431,Vetluga,RU,2020-07-12 23:31:28,57.86,45.78,59.92,95,2,3.56
432,Nioro,GM,2020-07-12 23:31:28,13.35,-15.75,76.24,88,100,4.9
433,Nochistlan,MX,2020-07-12 23:31:28,21.37,-102.85,80.6,32,40,9.17
434,Pringsewu,ID,2020-07-12 23:31:28,-5.36,104.97,74.59,85,89,1.34
435,Gizo,SB,2020-07-12 23:31:28,-8.1,156.84,82.63,77,95,14.85
436,Guben,DE,2020-07-12 23:31:28,51.95,14.71,53.01,77,13,2.98
437,Suntar,RU,2020-07-12 23:31:28,62.14,117.63,69.12,86,91,4.07
438,Tepusteca,HN,2020-07-12 23:31:28,15.42,-86.32,77.0,88,75,3.36
439,Lexington,US,2020-07-12 23:30:02,37.99,-84.48,81.0,65,75,6.93
440,Shingu,JP,2020-07-12 23:31:29,33.73,135.98,71.6,83,75,4.7
441,Qaqortoq,GL,2020-07-12 23:31:29,60.72,-46.03,53.6,62,100,1.12
442,Kusti,SD,2020-07-12 23:31:29,13.16,32.66,76.08,77,90,15.1
443,Escanaba,US,2020-07-12 23:31:29,45.75,-87.06,73.4,49,1,9.17
444,Touros,BR,2020-07-12 23:31:29,-5.2,-35.46,71.6,94,14,3.36
445,Pangnirtung,CA,2020-07-12 23:31:29,66.15,-65.71,48.81,61,43,1.5
446,Bonavista,CA,2020-07-12 23:31:29,48.65,-53.11,57.99,85,97,5.01
447,Ostersund,SE,2020-07-12 23:31:29,63.18,14.64,46.4,81,17,13.87
448,Durango,MX,2020-07-12 23:30:28,24.83,-104.83,81.41,26,78,14.58
449,Skelleftea,SE,2020-07-12 23:31:30,64.75,20.95,53.01,87,100,3.36
450,Boda,CF,2020-07-12 23:31:30,4.32,17.47,69.91,91,44,2.66
451,Zyryanka,RU,2020-07-12 23:31:30,65.75,150.85,75.87,38,100,3.8
452,Tari,NG,2020-07-12 23:31:30,12.41,4.49,77.94,69,100,7.49
453,Am Timan,TD,2020-07-12 23:31:30,11.03,20.28,76.55,80,55,4.52
454,Bilma,NE,2020-07-12 23:31:30,18.69,12.92,89.53,34,86,7.9
455,Sujiatun,CN,2020-07-12 23:31:30,41.66,123.34,73.4,94,100,2.24
456,Ereymentau,KZ,2020-07-12 23:31:30,51.62,73.1,60.21,83,12,6.73
457,Gravdal,NO,2020-07-12 23:31:30,68.12,13.5,50.25,81,2,3.65
458,Wajima,JP,2020-07-12 23:31:31,37.4,136.9,68.0,77,75,1.12
459,Phan Thiet,VN,2020-07-12 23:31:31,10.93,108.1,79.09,82,100,2.77
460,Lavrentiya,RU,2020-07-12 23:31:31,65.58,-171.0,46.35,74,3,6.78
461,Chicama,PE,2020-07-12 23:31:31,-7.84,-79.15,63.14,81,11,5.06
462,Houston,US,2020-07-12 23:31:19,29.76,-95.36,98.01,47,1,7.87
463,Grand-Lahou,CI,2020-07-12 23:31:31,5.14,-5.02,74.91,86,59,7.05
464,Normandin,CA,2020-07-12 23:31:31,48.83,-72.53,69.8,77,75,14.99
465,Saint Anthony,US,2020-07-12 23:31:31,45.02,-93.22,82.99,37,20,3.36
466,Sharkan,RU,2020-07-12 23:31:31,57.3,53.87,61.0,89,0,1.3
467,Pesochnoye,RU,2020-07-12 23:31:31,58.01,39.18,56.7,94,100,4.61
468,Serowe,BW,2020-07-12 23:31:31,-22.38,26.72,40.73,66,0,5.55
469,Katima Mulilo,NA,2020-07-12 23:31:31,-17.5,24.27,41.0,44,0,1.12
470,Bom Jesus,BR,2020-07-12 23:31:32,-9.07,-44.36,76.08,53,52,4.59
471,Djambala,CG,2020-07-12 23:31:32,-2.54,14.75,69.22,88,66,3.24
472,Vila Velha,BR,2020-07-12 23:31:32,-20.33,-40.29,73.99,73,32,4.7
473,Nampula,MZ,2020-07-12 23:31:32,-15.12,39.27,61.77,98,6,4.27
474,Luwuk,ID,2020-07-12 23:31:32,-0.95,122.79,80.02,76,25,5.57
475,Los Llanos De Aridane,ES,2020-07-12 23:31:32,28.66,-17.92,71.6,78,75,11.41
476,Tigil,RU,2020-07-12 23:31:32,57.8,158.67,65.68,71,86,6.11
477,Goderich,CA,2020-07-12 23:31:32,43.75,-81.72,70.0,75,64,11.45
478,Stornoway,GB,2020-07-12 23:31:33,58.21,-6.39,55.4,100,89,10.29
479,Kaeo,NZ,2020-07-12 23:31:33,-35.1,173.78,57.0,3,43,5.01
480,Voyvozh,RU,2020-07-12 23:31:33,62.89,54.96,53.15,81,63,9.06
481,Mangan,IN,2020-07-12 23:31:33,27.52,88.53,75.36,56,99,1.43
482,Maragogi,BR,2020-07-12 23:31:33,-9.01,-35.22,74.57,80,5,8.12
483,Rabaul,PG,2020-07-12 23:31:33,-4.2,152.17,78.26,86,99,6.42
484,Inirida,CO,2020-07-12 23:31:33,3.87,-67.92,75.2,84,15,2.62
485,Grandview,US,2020-07-12 23:31:33,38.89,-94.53,86.0,45,20,8.05
486,Ust-Maya,RU,2020-07-12 23:31:33,60.42,134.53,77.54,53,21,4.41
487,Cacheu,GW,2020-07-12 23:31:34,12.27,-16.17,78.8,94,75,2.24
488,Kalininsk,RU,2020-07-12 23:31:34,51.5,44.48,68.11,94,77,6.22
489,California City,US,2020-07-12 23:31:34,35.13,-117.99,109.99,9,1,17.22
490,Cabinda,AO,2020-07-12 23:31:34,-5.55,12.2,72.32,81,18,7.29
491,Ketchikan,US,2020-07-12 23:31:34,55.34,-131.65,59.0,77,75,12.75
492,Lekoni,GA,2020-07-12 23:31:34,-1.58,14.26,73.18,82,19,7.16
493,New Bern,US,2020-07-12 23:31:34,35.11,-77.04,84.2,74,1,9.17
494,Atar,MR,2020-07-12 23:31:34,20.52,-13.05,92.52,35,9,7.49
495,Lithakia,GR,2020-07-12 23:31:34,37.72,20.83,71.6,83,0,2.24
496,Hauzenberg,DE,2020-07-12 23:31:35,48.65,13.63,55.0,80,7,4.16
497,Richards Bay,ZA,2020-07-12 23:31:35,-28.78,32.04,57.04,69,0,11.54
498,Bereda,ES,2020-07-12 23:31:35,43.27,-7.54,61.0,96,6,14.0
499,Suruc,TR,2020-07-12 23:31:35,36.98,38.42,80.6,42,0,9.17
500,Bonoua,CI,2020-07-12 23:31:35,5.27,-3.6,77.0,88,20,3.36
501,Vila Franca Do Campo,PT,2020-07-12 23:31:35,37.72,-25.43,68.0,72,75,4.7
502,Bilibino,RU,2020-07-12 23:31:35,68.05,166.44,62.47,77,79,3.87
503,Port Macquarie,AU,2020-07-12 23:31:35,-31.43,152.92,52.0,97,1,1.01
504,La Libertad,EC,2020-07-12 23:31:35,-2.23,-80.9,69.24,90,99,15.66
505,Alofi,NU,2020-07-12 23:31:36,-19.06,-169.92,77.0,78,74,21.92
506,Tamandare,BR,2020-07-12 23:31:36,-8.76,-35.1,74.89,79,8,8.34
507,Goure,NE,2020-07-12 23:31:36,13.98,10.27,80.01,78,57,3.0
508,Irondequoit,US,2020-07-12 23:31:36,43.21,-77.58,78.8,54,75,6.93
509,Kashi,CN,2020-07-12 23:31:36,39.45,75.98,75.2,25,40,11.18
510,Les Cayes,HT,2020-07-12 23:31:36,18.2,-73.75,80.01,77,17,4.56
511,Sabaudia,IT,2020-07-12 23:31:36,41.3,13.03,73.0,80,0,4.0
512,Solnechnyy,RU,2020-07-12 23:31:36,50.72,136.63,74.52,61,55,3.53
513,Sola,VU,2020-07-12 23:31:36,-13.88,167.55,80.15,82,26,27.94
514,Hirara,JP,2020-07-12 23:31:36,24.8,125.28,86.0,79,40,5.82
515,Fredericton,CA,2020-07-12 23:27:05,45.95,-66.67,72.0,88,90,9.17
516,Stuttgart,DE,2020-07-12 23:30:16,48.78,9.18,57.99,66,16,2.57
517,Morki,RU,2020-07-12 23:31:37,56.43,48.99,59.94,84,7,2.62
518,Tefe,BR,2020-07-12 23:31:37,-3.35,-64.71,74.61,94,96,0.63
519,Barcelos,PT,2020-07-12 23:31:37,41.54,-8.62,79.0,73,0,3.18
520,Tadine,NC,2020-07-12 23:31:37,-21.55,167.88,73.96,73,53,15.93
521,Kalmunai,LK,2020-07-12 23:31:37,7.42,81.82,80.19,78,100,4.45
522,Yilan,TW,2020-07-12 23:31:37,24.76,121.75,89.6,70,75,4.7
523,Sibolga,ID,2020-07-12 23:31:37,1.74,98.78,75.34,83,93,5.86
524,Anadyr,RU,2020-07-12 23:31:38,64.75,177.48,55.4,82,40,6.71
525,Bandarbeyla,SO,2020-07-12 23:31:38,9.49,50.81,82.06,65,69,30.33
526,Codrington,AU,2020-07-12 23:31:38,-38.27,141.97,51.28,84,1,3.47
527,Vao,NC,2020-07-12 23:31:38,-22.67,167.48,71.96,79,62,19.64
528,Nishihara,JP,2020-07-12 23:31:38,26.18,127.76,86.0,79,75,10.29
529,Saint-Augustin,CA,2020-07-12 23:31:38,51.23,-58.65,62.22,97,100,12.1
530,Guarumal,PA,2020-07-12 23:31:39,8.35,-82.53,82.4,78,20,5.82
531,Korla,CN,2020-07-12 23:31:39,41.76,86.15,72.0,68,21,8.01
532,Atambua,ID,2020-07-12 23:31:39,-9.11,124.89,76.32,63,100,5.73
533,Thaba-Tseka,LS,2020-07-12 23:31:39,-29.52,28.61,30.85,79,3,7.34
534,Vaitape,PF,2020-07-12 23:31:39,-16.52,-151.75,79.84,74,100,14.61
535,Grand Gaube,MU,2020-07-12 23:31:39,-20.01,57.66,71.01,76,5,8.99
536,Camacha,PT,2020-07-12 23:31:39,33.08,-16.33,68.0,77,40,12.75
537,Palauig,PH,2020-07-12 23:31:39,15.44,119.9,80.89,80,99,5.46
538,Huilong,CN,2020-07-12 23:31:39,31.81,121.66,87.01,83,100,12.68
539,Marsabit,KE,2020-07-12 23:31:40,2.33,37.99,62.47,87,6,20.4
540,Paamiut,GL,2020-07-12 23:31:40,61.99,-49.67,44.55,82,100,9.93
541,Biltine,TD,2020-07-12 23:31:40,14.53,20.92,87.4,42,51,11.72
542,Erenhot,CN,2020-07-12 23:31:40,43.65,111.98,70.66,62,94,14.09
543,Iisalmi,FI,2020-07-12 23:27:53,63.56,27.19,51.8,87,100,2.24
544,Bahia Blanca,AR,2020-07-12 23:29:01,-38.72,-62.27,42.6,59,71,10.36
545,Tiruchchendur,IN,2020-07-12 23:31:40,8.48,78.12,80.94,75,81,5.59
546,Broken Hill,AU,2020-07-12 23:31:40,-31.95,141.43,42.8,93,90,13.87
547,Teya,RU,2020-07-12 23:31:40,60.38,92.63,65.64,62,55,5.17
548,Christchurch,NZ,2020-07-12 23:29:23,-43.53,172.63,46.99,81,36,3.36
549,Santa Isabel Do Rio Negro,BR,2020-07-12 23:31:41,-0.41,-65.02,74.5,95,85,1.1
550,Kangshan,CN,2020-07-12 23:31:41,28.88,116.43,82.26,85,81,2.68
551,Sagua La Grande,CU,2020-07-12 23:31:41,22.81,-80.08,71.6,94,75,16.11
552,Kishtwar,IN,2020-07-12 23:31:41,33.32,75.77,60.91,62,17,3.67
553,Paracuru,BR,2020-07-12 23:31:41,-3.41,-39.03,77.0,77,40,4.0
554,Powassan,CA,2020-07-12 23:31:41,46.03,-79.35,73.0,68,90,9.17
555,Yining,CN,2020-07-12 23:31:41,29.04,114.56,81.25,84,91,1.52
556,Puerto Escondido,MX,2020-07-12 23:30:30,15.85,-97.07,86.0,70,75,5.82
557,Port Hardy,CA,2020-07-12 23:31:42,50.7,-127.42,57.2,82,75,5.82
558,Vangaindrano,MG,2020-07-12 23:31:42,-23.35,47.6,65.44,91,38,6.55
559,Vuktyl,RU,2020-07-12 23:31:42,63.86,57.31,55.51,78,50,10.22
560,Oskemen,KZ,2020-07-12 23:31:42,49.96,82.61,51.8,93,20,2.24
